{
	"usb":	{
		"guid":	"0xae18aa60, 0x0000, 0x0000, 0x00, 0x00, 0x00, 0x00, 0x00, 0x00, 0x00, 0x00",
		"vendor":	7504,
		"product":	24836,
		"serial":	42,
		"firmware":	"data/firmware/fx3.img"
	},
	"fpga":	{
		"firmware":	"data/firmware/fpga2.bin",
		"etsIndex":	11,
		"etsCount":	7
	},
	"digital":	{
		"voltageCoeficient":	152
	},
	"generator":	{
		"fs":	200000000
	},
	"reference":	{
		"invertCh0":	0,
		"invertCh1":	0,
		"framesPerCapture":	4,
		"maxIterations":	64,
		"exitPercentage":	0.100000,
		"offsetMax":	125,
		"offsetMin":	-125,
		"generatorReference":	0,
		"generatorMax":	25,
		"generatorMin":	-25,
		"generatorStep":	0.001000,
		"stepMin":	460,
		"stepMax":	480,
		"gainValue":	{
			"volt2":	1413,
			"volt1":	1769,
			"mili500":	2120,
			"mili200":	2583,
			"mili100":	1410,
			"mili50":	1763,
			"mili20":	2238,
			"mili10":	2599
		},
		"gainVoltage":	{
			"volt2":	200,
			"volt1":	200,
			"mili500":	125.000000,
			"mili200":	40.000000,
			"mili100":	25.000000,
			"mili50":	12.500000,
			"mili20":	5.000000,
			"mili10":	2.500000
		},
		"gainMin":	{
			"volt2":	0,
			"volt1":	0,
			"mili500":	0,
			"mili200":	0,
			"mili100":	0,
			"mili50":	0,
			"mili20":	0,
			"mili10":	0
		},
		"gainMax":	{
			"volt2":	4095,
			"volt1":	4095,
			"mili500":	4095,
			"mili200":	4095,
			"mili100":	4095,
			"mili50":	4095,
			"mili20":	4095,
			"mili10":	4095
		},
		"gainAttr":	{
			"volt2":	0,
			"volt1":	0,
			"mili500":	0,
			"mili200":	0,
			"mili100":	1,
			"mili50":	1,
			"mili20":	1,
			"mili10":	1
		}
	},
	"callibratedNormal":	{
		"offsetsCh0":	{
			"volt2":	3,
			"volt1":	3,
			"mili500":	-3,
			"mili200":	-12,
			"mili100":	3,
			"mili50":	3,
			"mili20":	-4,
			"mili10":	-12
		},
		"offsetsCh1":	{
			"volt2":	-38,
			"volt1":	-40,
			"mili500":	-39,
			"mili200":	-43,
			"mili100":	-38,
			"mili50":	-40,
			"mili20":	-40,
			"mili10":	-43
		},
		"voltageStepCh0":	{
			"volt2":	-1.565110,
			"volt1":	-0.783541,
			"mili500":	-0.390944,
			"mili200":	-0.156411,
			"mili100":	-0.078266,
			"mili50":	-0.039178,
			"mili20":	-0.015649,
			"mili10":	-0.007823
		},
		"voltageStepCh1":	{
			"volt2":	-1.555900,
			"volt1":	-0.777344,
			"mili500":	-0.388984,
			"mili200":	-0.155633,
			"mili100":	-0.077793,
			"mili50":	-0.038871,
			"mili20":	-0.015571,
			"mili10":	-0.007780
		},
		"gainValueCh0":	{
			"volt2":	1414,
			"volt1":	1770,
			"mili500":	2121,
			"mili200":	2584,
			"mili100":	1411,
			"mili50":	1764,
			"mili20":	2239,
			"mili10":	2599
		},
		"gainValueCh1":	{
			"volt2":	1417,
			"volt1":	1770,
			"mili500":	2122,
			"mili200":	2586,
			"mili100":	1413,
			"mili50":	1765,
			"mili20":	2238,
			"mili10":	2596
		},
		"offsetsGenerator":	{
			"channel0":	2,
			"channel1":	4
		}
	},
	"callibrated500Mhz":	{
		"offsetsCh0":	{
			"volt2":	3,
			"volt1":	3,
			"mili500":	-3,
			"mili200":	-12,
			"mili100":	3,
			"mili50":	3,
			"mili20":	-5,
			"mili10":	-12
		},
		"offsetsCh1":	{
			"volt2":	-38,
			"volt1":	-40,
			"mili500":	-40,
			"mili200":	-44,
			"mili100":	-38,
			"mili50":	-40,
			"mili20":	-41,
			"mili10":	-44
		},
		"voltageStepCh0":	{
			"volt2":	-1.565248,
			"volt1":	-0.783702,
			"mili500":	-0.390971,
			"mili200":	-0.156397,
			"mili100":	-0.078257,
			"mili50":	-0.039174,
			"mili20":	-0.015625,
			"mili10":	-0.007823
		},
		"voltageStepCh1":	{
			"volt2":	-1.556114,
			"volt1":	-0.777591,
			"mili500":	-0.388545,
			"mili200":	-0.155525,
			"mili100":	-0.077809,
			"mili50":	-0.038872,
			"mili20":	-0.015551,
			"mili10":	-0.007776
		},
		"gainValueCh0":	{
			"volt2":	1423,
			"volt1":	1778,
			"mili500":	2127,
			"mili200":	2594,
			"mili100":	1416,
			"mili50":	1770,
			"mili20":	2242,
			"mili10":	2601
		},
		"gainValueCh1":	{
			"volt2":	1417,
			"volt1":	1771,
			"mili500":	2122,
			"mili200":	2586,
			"mili100":	1413,
			"mili50":	1764,
			"mili20":	2237,
			"mili10":	2594
		},
		"offsetsGenerator":	{
			"channel0":	2,
			"channel1":	4
		}
	}
}