{
	"usb":	{
		"guid":	"0xae18aa60, 0x0000, 0x0000, 0x00, 0x00, 0x00, 0x00, 0x00, 0x00, 0x00, 0x00",
		"vendor":	7504,
		"product":	24836,
		"serial":	42,
		"firmware":	"data/firmware/fx3.img"
	},
	"fpga":	{
		"firmware":	"data/firmware/fpga2.bin",
		"etsIndex":	11,
		"etsCount":	7
	},
	"digital":	{
		"voltageCoeficient":	152
	},
	"generator":	{
		"fs":	200000000
	},
	"reference":	{
		"invertCh0":	0,
		"invertCh1":	0,
		"framesPerCapture":	2,
		"maxIterations":	64,
		"exitPercentage":	0.1,
		"offsetMax":	200,
		"offsetMin":	-200,
		"generatorReference":	0,
		"generatorMax":	95,
		"generatorMin":	-95,
		"generatorStep":	0.001000,
		"stepMin":	400,
		"stepMax":	500,
		"gainValue":	{
			"volt2":	1500,
			"volt1":	1850,
			"mili500":	2200,
			"mili200":	2650,
			"mili100":	1500,
			"mili50":	1850,
			"mili20":	2300,
			"mili10":	2650
		},
		"gainVoltage":	{
			"volt2":	200,
			"volt1":	200,
			"mili500":	125.000000,
			"mili200":	40.000000,
			"mili100":	25.000000,
			"mili50":	12.500000,
			"mili20":	5.000000,
			"mili10":	2.500000
		},
		"gainMin":	{
			"volt2":	0,
			"volt1":	0,
			"mili500":	0,
			"mili200":	0,
			"mili100":	0,
			"mili50":	0,
			"mili20":	0,
			"mili10":	0
		},
		"gainMax":	{
			"volt2":	4095,
			"volt1":	4095,
			"mili500":	4095,
			"mili200":	4095,
			"mili100":	4095,
			"mili50":	4095,
			"mili20":	4095,
			"mili10":	4095
		},
		"gainAttr":	{
			"volt2":	0,
			"volt1":	0,
			"mili500":	0,
			"mili200":	0,
			"mili100":	1,
			"mili50":	1,
			"mili20":	1,
			"mili10":	1
		}
	},
	"callibratedNormal":	{
		"offsetsCh0":	{
			"volt2":	-38,
			"volt1":	-38,
			"mili500":	-34,
			"mili200":	-27,
			"mili100":	-38,
			"mili50":	-38,
			"mili20":	-34,
			"mili10":	-27
		},
		"offsetsCh1":	{
			"volt2":	-31,
			"volt1":	-30,
			"mili500":	-27,
			"mili200":	-19,
			"mili100":	-31,
			"mili50":	-30,
			"mili20":	-24,
			"mili10":	-19
		},
		"voltageStepCh0":	{
			"volt2":	-1.484064,
			"volt1":	-0.685386,
			"mili500":	-0.305459,
			"mili200":	-0.086674,
			"mili100":	-0.074290,
			"mili50":	-0.034310,
			"mili20":	-0.011113,
			"mili10":	-0.004231
		},
		"voltageStepCh1":	{
			"volt2":	-1.495630,
			"volt1":	-0.702031,
			"mili500":	-0.319975,
			"mili200":	-0.097510,
			"mili100":	-0.074794,
			"mili50":	-0.035039,
			"mili20":	-0.011694,
			"mili10":	-0.004480
		},
		"gainValueCh0":	{
			"volt2":	1437,
			"volt1":	1791,
			"mili500":	2141,
			"mili200":	2601,
			"mili100":	1431,
			"mili50":	1788,
			"mili20":	2254,
			"mili10":	2618
		},
		"gainValueCh1":	{
			"volt2":	1435,
			"volt1":	1787,
			"mili500":	2140,
			"mili200":	2599,
			"mili100":	1433,
			"mili50":	1795,
			"mili20":	2281,
			"mili10":	2672
		},
		"offsetsGenerator":	{
			"channel0":	-2,
			"channel1":	-2
		}
	},
	"callibrated500Mhz":	{
		"offsetsCh0":	{
			"volt2":	-2,
			"volt1":	50,
			"mili500":	153,
			"mili200":	400,
			"mili100":	-2,
			"mili50":	50,
			"mili20":	199,
			"mili10":	400
		},
		"offsetsCh1":	{
			"volt2":	-2,
			"volt1":	39,
			"mili500":	124,
			"mili200":	335,
			"mili100":	-2,
			"mili50":	40,
			"mili20":	166,
			"mili10":	336
		},
		"voltageStepCh0":	{
			"volt2":	-1.577741,
			"volt1":	-0.799764,
			"mili500":	-0.407954,
			"mili200":	-0.156636,
			"mili100":	-0.079036,
			"mili50":	-0.040064,
			"mili20":	-0.016126,
			"mili10":	-0.007736
		},
		"voltageStepCh1":	{
			"volt2":	-1.570359,
			"volt1":	-0.790299,
			"mili500":	-0.401794,
			"mili200":	-0.155768,
			"mili100":	-0.078667,
			"mili50":	-0.039614,
			"mili20":	-0.015945,
			"mili10":	-0.007724
		},
		"gainValueCh0":	{
			"volt2":	1438,
			"volt1":	1789,
			"mili500":	2146,
			"mili200":	2611,
			"mili100":	1420,
			"mili50":	1783,
			"mili20":	2256,
			"mili10":	2619
		},
		"gainValueCh1":	{
			"volt2":	1443,
			"volt1":	1789,
			"mili500":	2149,
			"mili200":	2631,
			"mili100":	1423,
			"mili50":	1785,
			"mili20":	2262,
			"mili10":	2642
		},
		"offsetsGenerator":	{
			"channel0":	-2,
			"channel1":	-2
		}
	}
}